{"cameraMode":{"drawMode":0,"name":"Shaded","section":"Shading Mode"},"sceneLighting":true,"audioPlay":false,"sceneViewState":{"showFog":true,"showMaterialUpdate":false,"showSkybox":true,"showFlares":true,"showImageEffects":true,"showParticleSystems":true},"in2DMode":false,"pivot":{"x":0.5954053401947022,"y":0.3232903480529785,"z":0.7302803993225098},"rotation":{"x":-0.016915887594223024,"y":0.8464657664299011,"z":-0.02693350613117218,"w":-0.53151535987854},"size":4.289082050323486,"orthographic":false}