{"count":1,"gauges":{},"self":7.3118032,"total":7.3197889,"children":{"AgentSendState":{"count":340,"self":0.0019955999999999997,"total":0.0019955999999999997,"children":null},"DecideAction":{"count":340,"self":0.0039892,"total":0.0039892,"children":null},"AgentAct":{"count":340,"self":0.0010041,"total":0.0010041,"children":null}}}