{"count":1,"gauges":{},"self":1.3585572,"total":109.3146481,"children":{"AgentSendState":{"count":51,"self":0.0030280999999999997,"total":0.015491699999999999,"children":{"CollectObservations":{"count":6,"self":0.00096649999999999991,"total":0.00096649999999999991,"children":null},"CollectDiscreteActionMasks":{"count":6,"self":0,"total":0,"children":null},"AgentInfo.ToProto":{"count":6,"self":0.0019963999999999997,"total":0.0114971,"children":{"GenerateSensorData":{"count":6,"self":0.0095006999999999991,"total":0.0095006999999999991,"children":null}}}}},"DecideAction":{"count":51,"self":107.93859839999999,"total":107.9386047,"children":null},"AgentAct":{"count":51,"self":0.0009971,"total":0.0009971,"children":null}}}